<application>
  <component name="VimSettings">
    <state version="4" enabled="true" />
    <globalmarks />
    <filemarks>
      <file name="$USER_HOME$/go/src/github.com/moonpie413/hdsbalance/task.go" timestamp="1547384995506">
        <mark key="[" line="2" column="0" />
        <mark key="]" line="2" column="0" />
        <mark key="^" line="0" column="17" />
        <mark key="." line="2" column="0" />
      </file>
      <file name="/a.dummy" timestamp="1547386158003">
        <mark key="[" line="0" column="0" />
      </file>
      <file name="$USER_HOME$/go/src/github.com/xquark/hdsbalancetask/makefile" timestamp="1547948914886">
        <mark key="[" line="2" column="53" />
        <mark key="]" line="1" column="7" />
        <mark key="." line="1" column="7" />
        <mark key="^" line="4" column="16" />
      </file>
      <file name="$APPLICATION_CONFIG_DIR$/consoles/db/55844bb8-0d5b-4878-9a11-8297534bf472/console.sql" timestamp="1547377471163">
        <mark key="[" line="0" column="0" />
      </file>
      <file name="$USER_HOME$/go/src/github.com/moonpie413/hdsdbutil/dbutil_test.go" timestamp="1547386522033">
        <mark key="[" line="0" column="12" />
        <mark key="]" line="0" column="16" />
        <mark key="^" line="0" column="16" />
        <mark key="." line="0" column="16" />
      </file>
      <file name="$APPLICATION_CONFIG_DIR$/consoles/db/f60c89aa-87c7-43e7-a05f-ce32fbdffc7c/console.sql" timestamp="1547872810122">
        <mark key="[" line="9" column="0" />
        <mark key="]" line="9" column="61" />
        <mark key="^" line="9" column="61" />
        <mark key="." line="9" column="61" />
      </file>
      <file name="$USER_HOME$/go/src/github.com/moonpie413/hdsbalance/dbutil_test.go" timestamp="1547386114076">
        <mark key="'" line="6" column="0" />
        <mark key="[" line="0" column="12" />
        <mark key="]" line="0" column="16" />
        <mark key="^" line="0" column="16" />
        <mark key="." line="0" column="16" />
      </file>
      <file name="$APPLICATION_CONFIG_DIR$/consoles/db/a023238d-30bf-4dc1-8ba1-5d96c110763f/console.sql" timestamp="1547877291261">
        <mark key="'" line="0" column="64" />
        <mark key="[" line="3" column="62" />
        <mark key="]" line="5" column="28" />
        <mark key="." line="5" column="28" />
        <mark key="^" line="5" column="28" />
      </file>
      <file name="$USER_HOME$/go/src/github.com/moonpie413/hdsdbutil/module.go" timestamp="1547478482960">
        <mark key="[" line="57" column="24" />
        <mark key="]" line="58" column="25" />
        <mark key="." line="58" column="25" />
        <mark key="^" line="58" column="25" />
      </file>
      <file name="/dummy.sql" timestamp="1547377574232">
        <mark key="[" line="0" column="0" />
      </file>
      <file name="$USER_HOME$/go/src/github.com/moonpie413/hdsbalancetask/task.go" timestamp="1547481844679">
        <mark key="[" line="22" column="23" />
        <mark key="]" line="22" column="23" />
        <mark key="." line="22" column="23" />
        <mark key="^" line="22" column="23" />
      </file>
      <file name="$USER_HOME$/go/src/github.com/moonpie413/hdsdbutil/dbutil.go" timestamp="1547481305912">
        <mark key="'" line="4" column="9" />
        <mark key="[" line="21" column="43" />
        <mark key="]" line="21" column="46" />
        <mark key="^" line="21" column="46" />
        <mark key="." line="21" column="46" />
      </file>
      <file name="$USER_HOME$/go/src/github.com/xquark/hdsdbutil/dbutil.go" timestamp="1547952754958">
        <mark key="[" line="17" column="49" />
        <mark key="]" line="17" column="40" />
        <mark key="." line="17" column="40" />
        <mark key="^" line="17" column="40" />
      </file>
      <file name="/Dummy.txt" timestamp="1547952646521">
        <mark key="[" line="0" column="0" />
        <mark key="]" line="0" column="0" />
        <mark key="^" line="0" column="6" />
        <mark key="." line="0" column="0" />
      </file>
      <file name="/usr/lib/go/src/time/format.go" timestamp="1547480734289">
        <mark key="[" line="77" column="19" />
        <mark key="]" line="77" column="28" />
      </file>
      <file name="$USER_HOME$/go/src/github.com/xquark/hdsdbutil/module.go" timestamp="1547882934156">
        <mark key="'" line="38" column="47" />
        <mark key="[" line="70" column="19" />
        <mark key="]" line="70" column="18" />
        <mark key="^" line="70" column="18" />
        <mark key="." line="70" column="18" />
      </file>
      <file name="$USER_HOME$/go/src/github.com/moonpie413/hdsbalance/module.go" timestamp="1547386096183">
        <mark key="'" line="6" column="19" />
        <mark key="[" line="0" column="8" />
        <mark key="]" line="0" column="11" />
        <mark key="." line="0" column="11" />
        <mark key="^" line="0" column="11" />
      </file>
      <file name="/fragment.go" timestamp="1547873441724">
        <mark key="[" line="0" column="0" />
        <mark key="]" line="0" column="33" />
        <mark key="^" line="0" column="13" />
        <mark key="." line="0" column="14" />
      </file>
      <file name="$USER_HOME$/go/src/github.com/xquark/hdsbalancetask/Dockerfile" timestamp="1547952543158">
        <mark key="[" line="2" column="10" />
        <mark key="]" line="2" column="13" />
        <mark key="^" line="2" column="13" />
        <mark key="." line="2" column="13" />
      </file>
      <file name="$USER_HOME$/go/src/github.com/xquark/hdsbalancetask/README.md" timestamp="1547950697829">
        <mark key="'" line="13" column="11" />
        <mark key="[" line="21" column="3" />
        <mark key="]" line="26" column="24" />
        <mark key="." line="26" column="24" />
        <mark key="^" line="26" column="24" />
      </file>
      <file name="$USER_HOME$/go/src/github.com/moonpie413/hdsbalance/dbutil.go" timestamp="1547386101813">
        <mark key="'" line="6" column="0" />
        <mark key="[" line="0" column="8" />
        <mark key="]" line="0" column="11" />
        <mark key="^" line="0" column="11" />
        <mark key="." line="0" column="11" />
      </file>
      <file name="$APPLICATION_CONFIG_DIR$/consoles/db/4cdcd609-76c4-4a76-8d9d-ac021d8c0678/console.sql" timestamp="1547395095797">
        <mark key="'" line="21" column="22" />
        <mark key="[" line="2" column="18" />
        <mark key="]" line="2" column="38" />
        <mark key="^" line="2" column="17" />
        <mark key="." line="2" column="18" />
      </file>
      <file name="$USER_HOME$/go/src/github.com/xquark/hdsbalancetask/go.sh" timestamp="1547952529136">
        <mark key="[" line="3" column="62" />
        <mark key="]" line="3" column="65" />
        <mark key="^" line="3" column="65" />
        <mark key="." line="3" column="65" />
      </file>
      <file name="/hvmall.xquark_order [hvmall@106.14.15.46]" timestamp="1547377518885">
        <mark key="[" line="0" column="0" />
      </file>
      <file name="$USER_HOME$/go/src/github.com/moonpie413/hdsbalance/orderdb_test.go" timestamp="1547384671048">
        <mark key="[" line="13" column="10" />
        <mark key="]" line="13" column="14" />
        <mark key="." line="13" column="14" />
        <mark key="^" line="13" column="14" />
      </file>
      <file name="$APPLICATION_CONFIG_DIR$/consoles/db/7d06d8ec-5e51-4f8f-b0ee-193f578d55f9/console.sql" timestamp="1547476761301">
        <mark key="'" line="39" column="31" />
        <mark key="[" line="46" column="50" />
        <mark key="]" line="47" column="0" />
        <mark key="^" line="47" column="0" />
        <mark key="." line="47" column="0" />
      </file>
      <file name="$USER_HOME$/go/src/github.com/xquark/hdsbalancetask/task.go" timestamp="1547951363117">
        <mark key="'" line="37" column="4" />
        <mark key="[" line="63" column="55" />
        <mark key="]" line="64" column="13" />
        <mark key="." line="64" column="13" />
        <mark key="^" line="64" column="13" />
      </file>
      <file name="$USER_HOME$/go/src/github.com/moonpie413/hdsbalancetask/task_test.go" timestamp="1547479257303">
        <mark key="[" line="5" column="13" />
        <mark key="]" line="5" column="18" />
        <mark key="." line="5" column="18" />
        <mark key="^" line="5" column="18" />
      </file>
    </filemarks>
    <jumps>
      <jump line="35" column="4" filename="$USER_HOME$/go/src/github.com/moonpie413/hdsbalance/orderdb.go" />
      <jump line="23" column="12" filename="$USER_HOME$/go/src/github.com/moonpie413/hdsbalance/orderdb.go" />
      <jump line="76" column="12" filename="55844bb8-0d5b-4878-9a11-8297534bf472/schema/hvmall/table/xquark_order.sql" />
      <jump line="10" column="0" filename="$USER_HOME$/go/src/github.com/moonpie413/hdsbalance/orderdb.go" />
      <jump line="22" column="0" filename="$USER_HOME$/go/src/github.com/moonpie413/hdsbalance/orderdb.go" />
      <jump line="0" column="11" filename="$USER_HOME$/go/src/github.com/moonpie413/hdsbalance/orderdb.go" />
      <jump line="26" column="0" filename="$USER_HOME$/go/src/github.com/moonpie413/hdsbalance/orderdb.go" />
      <jump line="3" column="0" filename="$USER_HOME$/go/src/github.com/moonpie413/hdsbalance/orderdb.go" />
      <jump line="650" column="4" filename="$USER_HOME$/go/src/github.com/jmoiron/sqlx/sqlx.go" />
      <jump line="646" column="9" filename="$USER_HOME$/go/src/github.com/jmoiron/sqlx/sqlx.go" />
      <jump line="647" column="15" filename="$USER_HOME$/go/src/github.com/jmoiron/sqlx/sqlx.go" />
      <jump line="631" column="3" filename="$USER_HOME$/go/src/github.com/jmoiron/sqlx/sqlx.go" />
      <jump line="632" column="5" filename="$USER_HOME$/go/src/github.com/jmoiron/sqlx/sqlx.go" />
      <jump line="645" column="15" filename="$USER_HOME$/go/src/github.com/jmoiron/sqlx/sqlx.go" />
      <jump line="5" column="0" filename="$USER_HOME$/go/src/github.com/moonpie413/hdsbalance/orderdb.go" />
      <jump line="2" column="0" filename="$USER_HOME$/go/src/github.com/moonpie413/hdsbalance/orderdb.go" />
      <jump line="29" column="0" filename="$USER_HOME$/go/src/github.com/moonpie413/hdsbalance/orderdb.go" />
      <jump line="52" column="12" filename="$USER_HOME$/go/src/github.com/moonpie413/hdsbalance/orderdb.go" />
      <jump line="9" column="15" filename="$USER_HOME$/go/src/github.com/moonpie413/hdsbalance/orderdb.go" />
      <jump line="16" column="21" filename="$USER_HOME$/go/src/github.com/moonpie413/hdsbalance/orderdb.go" />
      <jump line="47" column="22" filename="$USER_HOME$/go/src/github.com/moonpie413/hdsbalance/orderdb.go" />
      <jump line="56" column="15" filename="$USER_HOME$/go/src/github.com/moonpie413/hdsbalance/orderdb.go" />
      <jump line="12" column="12" filename="$USER_HOME$/go/src/github.com/moonpie413/hdsbalance/orderdb.go" />
      <jump line="61" column="0" filename="$USER_HOME$/go/src/github.com/moonpie413/hdsbalance/orderdb.go" />
      <jump line="37" column="0" filename="$USER_HOME$/go/src/github.com/moonpie413/hdsbalance/orderdb.go" />
      <jump line="20" column="0" filename="$USER_HOME$/go/src/github.com/moonpie413/hdsbalance/module.go" />
      <jump line="23" column="11" filename="$USER_HOME$/go/src/github.com/moonpie413/hdsbalance/module.go" />
      <jump line="6" column="19" filename="$USER_HOME$/go/src/github.com/moonpie413/hdsbalance/module.go" />
      <jump line="6" column="0" filename="$USER_HOME$/go/src/github.com/moonpie413/hdsbalance/dbutil.go" />
      <jump line="6" column="0" filename="$USER_HOME$/go/src/github.com/moonpie413/hdsbalance/dbutil_test.go" />
      <jump line="24" column="0" filename="$USER_HOME$/go/src/github.com/moonpie413/hdsdbutil/dbutil.go" />
      <jump line="23" column="0" filename="$USER_HOME$/go/src/github.com/moonpie413/hdsbalancetask/task.go" />
      <jump line="6" column="0" filename="$USER_HOME$/go/src/github.com/moonpie413/hdsbalancetask/task.go" />
      <jump line="14" column="0" filename="$USER_HOME$/go/src/github.com/moonpie413/hdsbalancetask/task.go" />
      <jump line="22" column="22" filename="$APPLICATION_CONFIG_DIR$/consoles/db/4cdcd609-76c4-4a76-8d9d-ac021d8c0678/console.sql" />
      <jump line="34" column="0" filename="$USER_HOME$/go/src/github.com/moonpie413/hdsdbutil/module.go" />
      <jump line="4" column="9" filename="$USER_HOME$/go/src/github.com/moonpie413/hdsdbutil/dbutil.go" />
      <jump line="13" column="4" filename="$USER_HOME$/go/src/github.com/moonpie413/hdsbalancetask/task.go" />
      <jump line="39" column="31" filename="$APPLICATION_CONFIG_DIR$/consoles/db/7d06d8ec-5e51-4f8f-b0ee-193f578d55f9/console.sql" />
      <jump line="12" column="0" filename="$USER_HOME$/go/src/github.com/moonpie413/hdsdbutil/module.go" />
      <jump line="77" column="8" filename="$USER_HOME$/go/src/github.com/xquark/hdsbalancetask/task.go" />
      <jump line="0" column="64" filename="$APPLICATION_CONFIG_DIR$/consoles/db/a023238d-30bf-4dc1-8ba1-5d96c110763f/console.sql" />
      <jump line="38" column="47" filename="$USER_HOME$/go/src/github.com/xquark/hdsdbutil/module.go" />
      <jump line="36" column="4" filename="$USER_HOME$/go/src/github.com/xquark/hdsbalancetask/task.go" />
      <jump line="19" column="41" filename="$USER_HOME$/go/src/github.com/xquark/hdsbalancetask/task.go" />
      <jump line="40" column="0" filename="$USER_HOME$/go/src/github.com/xquark/hdsbalancetask/task.go" />
      <jump line="11" column="10" filename="$USER_HOME$/go/src/github.com/xquark/hdsbalancetask/Dockerfile" />
      <jump line="4" column="0" filename="$USER_HOME$/go/src/github.com/xquark/hdsbalancetask/Dockerfile" />
      <jump line="2" column="14" filename="$USER_HOME$/go/src/github.com/xquark/hdsbalancetask/Dockerfile" />
      <jump line="5" column="12" filename="$USER_HOME$/go/src/github.com/xquark/hdsbalancetask/Dockerfile" />
      <jump line="4" column="11" filename="$USER_HOME$/go/src/github.com/xquark/hdsbalancetask/makefile" />
      <jump line="13" column="11" filename="$USER_HOME$/go/src/github.com/xquark/hdsbalancetask/README.md" />
      <jump line="38" column="4" filename="$USER_HOME$/go/src/github.com/xquark/hdsbalancetask/task.go" />
      <jump line="37" column="4" filename="$USER_HOME$/go/src/github.com/xquark/hdsbalancetask/task.go" />
    </jumps>
    <registers>
      <register name="-" type="4">
        <text>-f Dockerfile.scratch</text>
      </register>
      <register name="/" type="4">
        <text>connect</text>
      </register>
      <register name="0" type="4">
        <text>CGO_ENABLED=0</text>
      </register>
      <register name="1" type="2">
        <text encoding="base64">CQlwYW5pYyhlcnIpCg==</text>
      </register>
      <register name="2" type="2">
        <text encoding="base64">CQlwYW5pYyhlcnIpCg==</text>
      </register>
      <register name="3" type="2">
        <text encoding="base64">LS0tLS0tLS0K</text>
      </register>
      <register name="4" type="2">
        <text encoding="base64">5L6d6LWW5YWz57O7Cg==</text>
      </register>
      <register name="5" type="2">
        <text encoding="base64">Cg==</text>
      </register>
      <register name="6" type="4">
        <text encoding="base64">YGBgYmFzaApnbyBnZXQgZ2l0aHViLmNvbS94cXVhcmsvaGRzYmFsYW5jZXRhc2sKYGBgCg==</text>
      </register>
      <register name="7" type="4">
        <text>```bash
go get github.com/xquark/hdsbalancetask
```</text>
      </register>
      <register name="8" type="2">
        <text encoding="base64">YnVpbGQtcnVuOiBidWlsZAo=</text>
      </register>
      <register name="9" type="2">
        <text encoding="base64">YnVpbGQ6IGNsZWFyCg==</text>
      </register>
      <register name=":" type="4">
        <text>w</text>
      </register>
    </registers>
    <search>
      <last-search>connect</last-search>
      <last-offset />
      <last-pattern>connect</last-pattern>
      <last-dir>1</last-dir>
      <show-last>false</show-last>
    </search>
    <history>
      <history-search>
        <entry>logistics</entry>
        <entry>connect</entry>
      </history-search>
      <history-cmd>
        <entry>W</entry>
        <entry>.,.+222221noh</entry>
        <entry>q</entry>
        <entry>noh</entry>
        <entry>w</entry>
      </history-cmd>
      <history-expr />
      <history-input />
    </history>
    <shortcut-conflicts>
      <shortcut-conflict owner="vim">
        <text>ctrl pressed C</text>
      </shortcut-conflict>
      <shortcut-conflict owner="ide">
        <text>ctrl pressed B</text>
      </shortcut-conflict>
      <shortcut-conflict owner="ide">
        <text>ctrl pressed P</text>
      </shortcut-conflict>
      <shortcut-conflict owner="vim">
        <text>ctrl pressed R</text>
      </shortcut-conflict>
      <shortcut-conflict owner="ide">
        <text>ctrl pressed F</text>
      </shortcut-conflict>
    </shortcut-conflicts>
  </component>
</application>